{
    "loss": 0.6951351761817932,
    "accuracy": 0.8534482717514038
}