{
    "loss": 0.7451085448265076,
    "accuracy": 0.8362069129943848
}